{"cameraMode":{"drawMode":0,"name":"Shaded","section":"Shading Mode"},"sceneLighting":true,"audioPlay":false,"sceneViewState":{"m_AlwaysRefresh":false,"showFog":true,"showSkybox":true,"showFlares":true,"showImageEffects":true,"showParticleSystems":true,"showVisualEffectGraphs":true,"m_FxEnabled":true},"in2DMode":false,"pivot":{"x":3.822267770767212,"y":-11.365568161010743,"z":45.882286071777347},"rotation":{"x":-0.3014810085296631,"y":-0.01945231668651104,"z":0.0061524552293121819,"w":-0.9532588124275208},"size":65.41471099853516,"orthographic":false}