{"cameraMode":{"drawMode":0,"name":"Shaded","section":"Shading Mode"},"sceneLighting":false,"audioPlay":false,"sceneViewState":{"m_AlwaysRefresh":false,"showFog":true,"showSkybox":false,"showFlares":true,"showImageEffects":true,"showParticleSystems":true,"showVisualEffectGraphs":true,"m_FxEnabled":true},"in2DMode":false,"pivot":{"x":0.5938205718994141,"y":0.8437711000442505,"z":7.400345325469971},"rotation":{"x":-0.10054117441177368,"y":-0.04416244104504585,"z":0.004467404913157225,"w":-0.9939422607421875},"size":3.50632905960083,"orthographic":false}