{"cameraMode":{"drawMode":0,"name":"Shaded","section":"Shading Mode"},"sceneLighting":false,"audioPlay":false,"sceneViewState":{"m_AlwaysRefresh":false,"showFog":true,"showSkybox":false,"showFlares":true,"showImageEffects":true,"showParticleSystems":true,"showVisualEffectGraphs":true,"m_FxEnabled":true},"in2DMode":false,"pivot":{"x":55.317176818847659,"y":-0.9221305847167969,"z":41.651180267333987},"rotation":{"x":-0.08648176491260529,"y":-0.33058208227157595,"z":0.030437113717198373,"w":-0.9393138289451599},"size":62.40874099731445,"orthographic":false}