{"cameraMode":{"drawMode":0,"name":"Shaded","section":"Shading Mode"},"sceneLighting":false,"audioPlay":false,"sceneViewState":{"m_AlwaysRefresh":false,"showFog":true,"showSkybox":false,"showFlares":true,"showImageEffects":true,"showParticleSystems":true,"showVisualEffectGraphs":true,"m_FxEnabled":true},"in2DMode":false,"pivot":{"x":-0.3562355935573578,"y":0.500937819480896,"z":0.02455925941467285},"rotation":{"x":0.011689407750964165,"y":0.012595273554325104,"z":0.00014709778770338744,"w":-0.9998533725738525},"size":0.9774824976921082,"orthographic":false}